Address,Longitude,Latitude,Email
"60 HOSPITAL ROAD, LEOMINSTER, MA 01453",42.54031915,-71.76312990486304,Reginald96.Bruen238@example.com
"330 MOUNT AUBURN STREET, CAMBRIDGE, MA 02138",42.3741033,-71.13417575971958,Lesley194.Fisher429@example.com
"211 PARK STREET, ATTLEBORO, MA 02703",41.9419187,-71.2752081695297,Chauncey770.Steuber698@example.com
"ONE GENERAL STREET, LAWRENCE, MA 01842",,,Whitney250.Wyman904@example.com
"1493 CAMBRIDGE STREET, CAMBRIDGE, MA 02138",42.37427096729334,-71.1043398482465,Caitlyn56.Medhurst46@example.com
"88 LEWIS BAY ROAD, HYANNIS, MA 02601",41.65284545,-70.27460965297306,Tuan998.Fadel536@example.com
"30 LOCUST STREET, NORTHAMPTON, MA 01060",42.33032115,-72.65330802608176,Almeta56.Carter549@example.com
"164 HIGH STREET, GREENFIELD, MA 01301",42.595268700000005,-72.59288632376354,Peter292.Wintheiser220@example.com
"2100 DORCHESTER AVENUE, BOSTON, MA 02124",42.27710615,-71.06528858045152,Margaret865.Herzog843@example.com
"100 SOUTH STREET, SOUTHBRIDGE, MA 01550",42.07825955,-72.04241448482102,Burt293.Quigley282@example.com
"795 MIDDLE STREET, FALL RIVER, MA 02721",41.6924092,-71.16345107025307,Cecille691.Halvorson124@example.com
"575 BEECH STREET, HOLYOKE, MA 01040",42.20105435,-72.628169560868,Vicente970.Kilback373@example.com
"25 HIGHLAND AVENUE, NEWBURYPORT, MA 01950",42.81369325,-70.89091645747592,Jerold208.Spencer878@example.com
"40 WRIGHT STREET, PALMER, MA 01069",42.16934095,-72.34120457065711,Joselyn874.Bayer639@example.com
"1 BOSTON MEDICAL CENTER PLACE, BOSTON, MA 02118",,,Leslie90.Crona259@example.com
"85 HERRICK STREET, BEVERLY, MA 01915",42.56415055,-70.8751357650672,Dinah304.Schaefer657@example.com
"81 HIGHLAND AVENUE, SALEM, MA 01970",42.5112107,-70.90516241826194,Ellan282.Jacobi462@example.com
"736 CAMBRIDGE STREET, BRIGHTON, MA 02135",42.348649949999995,-71.14799584850206,Stefania815.Leffler128@example.com
"725 NORTH STREET, PITTSFIELD, MA 01201",42.4600752,-73.2492795834909,Russel238.Walker122@example.com
"157 UNION STREET, MARLBOROUGH, MA 01752",42.3548,-71.55147,Marvin195.Glover433@example.com
"680 CENTER STREET, BROCKTON, MA 02302",,,Louetta798.Thompson596@example.com
"201 HIGHLAND STREET, CLINTON, MA 01510",42.42738865,-71.69329092351188,Eleonora961.Langosh790@example.com
"275 SANDWICH STREET, PLYMOUTH, MA 02360",41.94186605,-70.6455366462985,Amos720.Jacobson885@example.com
"107 LINCOLN STREET, WORCESTER, MA 01605",42.276415099999994,-71.79469158738553,Nathanael908.Friesen796@example.com
"295 VARNUM AVENUE, LOWELL, MA 01854",42.647802799999994,-71.342233668805,Willena258.Oberbrunner298@example.com
"115 WEST SILVER STREET, WESTFIELD, MA 01085",42.1178811,-72.75935246865802,Lorenza655.Ziemann98@example.com
"271 CAREW STREET, SPRINGFIELD, MA 01104",42.11597825,-72.59301656598424,Lurlene215.Windler79@example.com
"585 LEBANON STREET, MELROSE, MA 02176",42.46004115,-71.06112637672865,Berry486.Borer986@example.com
"55 FRUIT STREET, BOSTON, MA 02114",42.36286045,-71.06875296664998,Jaclyn627.Kuhic920@example.com
"88 WASHINGTON STREET, TAUNTON, MA 02780",41.9062805,-71.09518121351795,Antwan357.Harris789@example.com
"363 HIGHLAND AVENUE, FALL RIVER, MA 02720",41.7093779,-71.1460783680883,Isreal8.Kihn564@example.com
"243 CHARLES STREET, BOSTON, MA 02114",42.362739,-71.0701541,Harris789.Blanda868@example.com
"759 CHESTNUT STREET, SPRINGFIELD, MA 01199",42.121522049999996,-72.60300615153007,Henry768.Paucek755@example.com
"70 EAST STREET, METHUEN, MA 01844",42.7285558,-71.16833738237946,Denisse335.Schulist381@example.com
"148 CHESTNUT STREET, NEEDHAM, MA 02494",42.27750212933206,-71.23727013859867,Jenniffer979.Ebert178@example.com
"133 OLD ROAD TO 9 ACRE CORNER, W CONCORD, MA 01742",42.27750212933206,-71.23727013859867,Alix578.Lynch190@example.com
"330 BROOKLINE AVENUE, BOSTON, MA 02215",42.3397554,-71.10492182209876,Octavio643.Bernal586@example.com
"125 PARKER HILL AVENUE, BOSTON, MA 02120",42.32962595,-71.10682610302482,Marcelene872.Mayert710@example.com
"14 PROSPECT STREET, MILFORD, MA 01757",42.1343297,-71.52812422966934,Olive251.Pollich983@example.com
"242 GREEN STREET, GARDNER, MA 01440",42.58685735,-71.98748072431209,Sal878.Tremblay80@example.com
"200 GROTON ROAD, AYER, MA 01432",42.577352149999996,-71.57414587343038,Grady603.Green467@example.com
"55 FOGG ROAD, SOUTH WEYMOUTH, MA 02190",42.175539799999996,-70.9539153674405,Amira620.Nienow652@example.com
"2014 WASHINGTON STREET, NEWTON, MA 02462",42.33132435,-71.24519969081618,Darrick836.Franecki195@example.com
"41 HIGHLAND AVENUE, WINCHESTER, MA 01890",42.465802,-71.1227029917842,Andrea7.Hirthe744@example.com
"199 REEDSDALE ROAD, MILTON, MA 02186",42.251368299999996,-71.0768393856917,Patria17.Rutherford999@example.com
"75 FRANCIS STREET, BOSTON, MA 02115",42.335679999999996,-71.1060436296658,Elinore878.Mosciski958@example.com
"235 NORTH PEARL STREET, BROCKTON, MA 02301",42.09805395,-71.0609587194362,Hal307.Renner328@example.com
"800 WASHINGTON STREET, BOSTON, MA 02111",42.349439700000005,-71.06308467518953,Arnette709.Conroy74@example.com
"1153 CENTRE STREET, BOSTON, MA 02130",42.3017598,-71.12855793387442,Garry927.Witting912@example.com
"800 WASHINGTON STREET, NORWOOD, MA 02062",42.1886973,-71.2005241,Courtney281.Bradtke547@example.com
"67 & 100 TER HEUN DRIVE, FALMOUTH, MA 02540",41.5644632,-70.6198444,Regena252.Kunde533@example.com
"55 LAKE AVENUE NORTH, WORCESTER, MA 01655",42.27954899506873,-71.75856418630116,Keven605.Mueller846@example.com
"41 & 45 MALL ROAD, BURLINGTON, MA 01803",42.27954899506873,-71.75856418630116,Jarrod316.Crooks415@example.com
"115 LINCOLN STREET, FRAMINGHAM, MA 01701",42.284519,-71.42003,Alta896.Schiller186@example.com
"123 SUMMER STREET, WORCESTER, MA 01608",42.26496835,-71.79655403681465,Sandy901.Turner526@example.com
"57 PROSPECT STREET, NANTUCKET, MA 02554",41.27514065,-70.10108985970798,Leesa210.Lehner980@example.com
"29 LEWIS AVENUE, GREAT BARRINGTON, MA 01230",42.19093125,-73.3715000043024,Ginger664.Goodwin327@example.com
"300 LONGWOOD AVENUE, BOSTON, MA 02115",42.3376838,-71.1045659,Annika454.Murazik203@example.com
"516 CAREW STREET, SPRINGFIELD, MA 01104",42.12133575,-72.59217953646302,AdÃ¡n600.Tello902@example.com
"51 BLOSSOM STREET, BOSTON, MA 02114",42.36305545,-71.06643399281765,Linsey338.Hilll811@example.com
"1400 VFW Parkway, West Roxbury, MA 02132",42.275538,-71.1721988,Arlette667.Quitzon246@example.com
"61 Lincoln Street, Suite 112, Framingham, MA 01702",,,Daren950.Schumm995@example.com
"225 Boston Road, Suite 107, Lynn, MA 01904",,,Roger751.Tromp100@example.com
"110 West Squantum Street, Quincy, MA 02169",42.27281764360802,-71.0311337660155,InÃ©s791.BerrÃ­os934@example.com
"605 Lincoln Street,, Worcester, MA 01605",42.297692220015776,-71.76673641148017,Gaston250.Casper496@example.com
"95 Ashley Avenue, Suite A, West Springfield, MA 01089",,,Josh874.Stamm704@example.com
"255 Park Ave Suite # 900, Worcester, MA 01609",,,Artie871.Schultz619@example.com
"99 WALNUT ST, SAUGUS, MA 01906",42.49420900230319,-71.02014873793308,MarÃ­a Soledad68.Amaya149@example.com
"1 BRANCH ST, METHUEN, MA 01844",42.705163,-71.214377,Daron260.Blanda868@example.com
"321 BOSTON POST RD, SUDBURY, MA 01776",42.3610603,-71.41266020907014,Clarissa466.Sanford861@example.com
"32 ROBBINS RD, WALPOLE, MA 02081",42.153620950000004,-71.25150046736812,Erasmo545.Stanton715@example.com
"90 ROCKLAND ST, HANOVER, MA 02339",42.11515115,-70.82590954591922,Chery887.Collins926@example.com
"300 W MAIN ST B, NORTHBOROUGH, MA 01532",,,Lucio648.Hodkiewicz467@example.com
"271 LAFAYETTE ST, SALEM, MA 01970",42.509338299999996,-70.89116504393667,Ramiro608.Pedraza69@example.com
"170 HIGH ST, TAUNTON, MA 02780",41.897836299999994,-71.09029765192409,Consuelo468.Bradtke547@example.com
"100 CUMMINGS CTR, BEVERLY, MA 01915",42.559237100000004,-70.88594445364896,Jimmie93.Langosh790@example.com
"55 WAREHAM ST, CARVER, MA 02330",41.826158328428356,-70.73914010374466,Donte636.Purdy2@example.com
"7 KIMBALL LN E, LYNNFIELD, MA 01940",42.5100673,-71.03640415686047,Lai148.Lubowitz58@example.com
"591 N AVE, WAKEFIELD, MA 01880",42.514346,-71.0853395,Saundra460.Dibbert990@example.com
"175 DERBY ST, HINGHAM, MA 02043",42.17979636842105,-70.91266110526315,Maryellen651.Wilkinson796@example.com
"1 HOLLYWOOD DR, GRAFTON, MA 01536",42.229422650000004,-71.71933895924164,Martha161.Ledner144@example.com
"201 PARK AVE, WEST SPRINGFIELD, MA 01089",42.10398705,-72.6210652640134,Erwin847.Cummings51@example.com
"106 SPRING ST, NEW BEDFORD, MA 02740",41.632936400000006,-70.92967083276967,Ava220.Marvin195@example.com
"19 ANNASNAPPITT DR, PLYMPTON, MA 02367",41.94466435,-70.78611966820023,Phuong301.Thiel172@example.com
"10 TECHNOLOGY DR, HUDSON, MA 01749",42.37800935,-71.5630169970587,Quinton758.Runte676@example.com
"364 BOSTON TPKE, SHREWSBURY, MA 01545",42.2757326,-71.73132510945325,Damien170.Ullrich385@example.com
"315 CENTRAL ST, SAUGUS, MA 01906",42.4639107,-71.0100617499834,Eddie505.Smitham825@example.com
"335 MAIN ST, SAUGUS, MA 01906",42.4731923,-71.0359081,Carmina141.Effertz744@example.com
"27 RAILROAD AVE, DUXBURY, MA 02332",42.04766875,-70.685189982683,Olive251.Orn563@example.com
"46 FLETCHER ST, ROSLINDALE, MA 02131",42.2894911,-71.1373147125367,Ayanna800.Swaniawski813@example.com
"1 HOLLIS ST, WELLESLEY, MA 02482",42.2982765,-71.29416155162832,Orville751.Sipes176@example.com
"93 PLEASANT ST, LEXINGTON, MA 02421",42.42033850221134,-71.2119257020509,Nolan344.Gutmann970@example.com
"181 PARK AVE, WEST SPRINGFIELD, MA 01089",42.1043355,-72.62074288419781,Pennie519.Pagac496@example.com
"465 NASHUA RD, DRACUT, MA 01826",42.67963451380402,-71.36286606368576,Loren192.Schowalter414@example.com
"228 BILLERICA RD, CHELMSFORD, MA 01824",42.5976067,-71.32604414713336,Laverne101.Quitzon246@example.com
"2 WHITING RD, DOVER, MA 02030",42.244307500000005,-71.28149637395404,Carson894.Blick895@example.com
"678 MASSACHUSETTS AVE, CAMBRIDGE, MA 02139",42.365441,-71.104495,Brendon298.Kovacek682@example.com
"75 MAIN ST, STONEHAM, MA 02180",42.4964913,-71.1013975,Chu728.Kunze215@example.com
"38 CHURCH ST, LENOX, MA 01240",42.3572322513277,-73.28303542566358,Emelina469.Ledner144@example.com
"314 NAHATAN ST, NORWOOD, MA 02062",42.1976297,-71.2039268325156,Mike230.Becker968@example.com
"1205 CENTRAL ST, LEOMINSTER, MA 01453",42.493695900000006,-71.74543598251475,Gustavo235.BarragÃ¡n638@example.com
"1330 BEACON ST, BROOKLINE, MA 02446",42.3420767,-71.1223194,Sung603.Kovacek682@example.com
"178 S MOUNTAIN RD, PITTSFIELD, MA 01201",42.4304181,-73.26707504212239,Loriann967.Hartmann983@example.com
"5 WALLACE ST, METHUEN, MA 01844",42.74063820408163,-71.1315317755102,Delilah659.Skiles927@example.com
"8 PICKETT ST, MARBLEHEAD, MA 01945",42.506203600000006,-70.84722878693867,Hedy234.Maggio310@example.com
"6 WASHINGTON PL, SHARON, MA 02067",42.12182625,-71.17937428943944,Carter549.Stroman228@example.com
"101 CAMBRIDGE ST, BURLINGTON, MA 01803",42.497248600000006,-71.1948286,Shandra823.Swaniawski813@example.com
"44 WOOD AVE, MANSFIELD, MA 02048",42.02935495,-71.23044747048087,Sigrid676.Schamberger479@example.com
"6 CHAUNCY WAY, CATAUMET, MA 02534",,,Federico589.Wilkinson796@example.com
"1214 PARK ST, STOUGHTON, MA 02072",42.10555085185185,-71.06905951851851,Andria131.Hills818@example.com
"93 POND ST, SHARON, MA 02067",42.12022155,-71.1780563571387,Fritz267.Lehner980@example.com
"572 WASHINGTON ST, WELLESLEY, MA 02482",42.29608851230535,-71.29298453893746,Vaughn909.Koepp521@example.com
"5 WALPOLE ST, NORWOOD, MA 02062",42.19185125,-71.20273765423173,Freddie621.Dibbert990@example.com
"12 LOCKE LANE, LEXINGTON, MA 02420",42.44121690168022,-71.1899245104102,Shella455.Brakus656@example.com
"A BALANCED WAY, STOW, MA 01775",,,Devin82.Quigley282@example.com
"24 CARROLL DR, FOXBOROUGH, MA 02035",42.07531385,-71.23046318233378,Cortez851.Sawayn19@example.com
"162 COBBLE LANE, SHEFFIELD, MA 01257",42.0988224,-73.35758202026621,Rafael239.Padilla483@example.com
"1010 WALTHAM ST, LEXINGTON, MA 02421",42.41513495190686,-71.23188270703704,Maxine796.Haley279@example.com
"105 CHESTNUT ST, NEEDHAM, MA 02492",42.2784618,-71.23770041644639,Wilfredo622.Tromp100@example.com
"300 W MAIN ST, NORTHBOROUGH, MA 01532",42.308712799999995,-71.66048442407313,Cassy835.Goldner995@example.com
"47 -49 CENTRAL ST, PEABODY, MA 01960",42.529925,-70.927269,Alexis664.Torphy630@example.com
"25 OLD WESTPORT RD, DARTMOUTH, MA 02747",41.637694350000004,-70.98642609829119,Jeromy156.Von197@example.com
"101 COOLIDGE ST, HUDSON, MA 01749",42.397988350000006,-71.60127386144315,Georgiann138.Pfeffer420@example.com
"42 PLAINFIELD ST, WABAN, MA 02468",42.327061150000006,-71.22413565730537,Suzette512.Rice937@example.com
"5 COMMON ST, WAKEFIELD, MA 01880",42.50646305,-71.0727836717542,Dawn804.Gulgowski816@example.com
"360 FAUNCE CORNER RD, NORTH DARTMOUTH, MA 02747",,,Miguel Ãngel46.Figueroa648@example.com
"25 MARSTON ST, LAWRENCE, MA 01841",42.70756906002647,-71.14711065544847,Charlotte28.Veum823@example.com
"39 PLYMOUTH ST, HOLBROOK, MA 02343",42.1546177,-71.00763242595806,Mckinley734.Eichmann909@example.com
"687 WELLESLEY ST, WESTON, MA 02493",42.321575432491535,-71.3144848570309,Calandra120.MacGyver246@example.com
"589 DARTMOUTH ST, S DARTMOUTH, MA 02748",41.6094337,-70.9402419,Rosaline65.Dickinson688@example.com
"136 GARDNER ST, HAMILTON, MA 01936",42.64204145,-70.83781350026518,Cecily421.Graham902@example.com
"110 HAVERHILL RD, AMESBURY, MA 01913",42.842333100000005,-70.96165639012557,Lonnie913.Steuber698@example.com
"1 PEARL ST, BROCKTON, MA 02301",42.088795,-71.064465,Penelope500.Will178@example.com
"2 ESSEX CTR DR, PEABODY, MA 01960",42.5363368,-70.94913971892771,Travis723.Bailey598@example.com
"34 COURT ST, PLYMOUTH, MA 02360",41.957804550000006,-70.66684445405532,Marline710.Feeney44@example.com
"5 INDUSTRIAL DR, MASHPEE, MA 02649",41.605049050000005,-70.49445143646699,Cortez851.Hackett68@example.com
"170 COMMON ST, LAWRENCE, MA 01841",42.708405,-71.158059,Alberto639.Ortiz186@example.com
"1111 ELM ST, WEST SPRINGFIELD, MA 01089",42.118901199999996,-72.62845250000001,Nolan344.Kunde533@example.com
"92 FAUNCE CORNER RD, DARTMOUTH, MA 02747",41.643960365705524,-70.98841874035288,Vickey217.Stracke611@example.com
"2000 WASHINGTON ST, NEWTON, MA 02462",42.332635,-71.246113,Johnette525.Corwin846@example.com
"1200 CONVERSE ST, LONGMEADOW, MA 01106",42.0597891,-72.53832129134602,Diego848.Bruen238@example.com
"664 TAUNTON AVE, SEEKONK, MA 02771",41.829166817470316,-71.31700547002802,Jenni670.Nienow652@example.com
"65 ROUNDTOP RD, MARLBOROUGH, MA 01752",42.34246842750839,-71.52621234732683,Reyes140.Kessler503@example.com
"91 MILL ST, DRACUT, MA 01826",42.680946282608694,-71.35121482608696,Eli762.Cartwright189@example.com
"649 OAK ST, EAST BRIDGEWATER, MA 02333",42.05554964011933,-70.90811070808945,Mathew182.Bednar518@example.com
"51 STATE RD, DARTMOUTH, MA 02747",41.63706360289238,-70.96350195889725,Jae222.Wiza601@example.com
"70 HUTTLESTON AVE, FAIRHAVEN, MA 02719",41.643987837495175,-70.90030368119778,Nana422.Price929@example.com
"600 BROADWAY, SAUGUS, MA 01906",42.4772618,-71.022419,Amy965.Senger904@example.com
"50 ROWE ST, MELROSE, MA 02176",42.4592093,-71.06078096379728,Bella510.O'Reilly797@example.com
"10 MAPLE ST, MIDDLETON, MA 01949",42.59510625241691,-71.01486737372905,Ronny764.Smith67@example.com
"118 MAIN ST, STURBRIDGE, MA 01566",42.0905134,-72.06606362965572,Gennie418.Jacobi462@example.com
"223 CHIEF JUSTICE CUSHING HWY, COHASSET, MA 02025",42.2403341,-70.83020275658401,Thanh759.Kirlin939@example.com
"3 WOODLAND RD, STONEHAM, MA 02180",42.452443099999996,-71.08939988105112,Zachariah133.Schowalter414@example.com
"352 PARK ST, NORTH READING, MA 01864",42.5644353,-71.10950907588061,Marcos263.Rocha983@example.com
"17 RESEARCH DR, AMHERST, MA 01002",42.35286742396148,-72.47748318212706,Maya972.Swaniawski813@example.com
"1370 DORCHESTER AVE, DORCHESTER, MA 02122",42.3040505,-71.0590569,Shenika151.Gleason633@example.com
"440 SWANSEA MALL DR, SWANSEA, MA 02777",41.75980725,-71.22162578245968,Ariadna374.Nava670@example.com
"14 MAIN ST, WEST STOCKBRIDGE, MA 01266",42.3341407,-73.36742790853782,Andre610.Watsica258@example.com
"9 CENTRAL ST, LOWELL, MA 01852",42.64537033333333,-71.3084680952381,Ana Luisa894.Villalobos491@example.com
"279 E MAIN ST, GLOUCESTER, MA 01930",42.6042187,-70.6541608,Tomika243.Jacobi462@example.com
"100 OLD BILLERICA RD, BEDFORD, MA 01730",42.499905749999996,-71.25668964877971,Jules135.Ankunding277@example.com
"700 WASHINGTON ST, DEDHAM, MA 02026",42.2382882,-71.18074274994996,Dylan44.Turner526@example.com
"115 WATER ST, MILFORD, MA 01757",39.173310299664045,-84.29707039778422,Huey641.Reichert620@example.com
"611 MAIN ST, WINCHESTER, MA 01890",42.4539806,-71.13730481735206,Mario764.Hahn503@example.com
"155 CHURCH ST, HOLLISTON, MA 01746",42.200978649999996,-71.42189741184168,Charolette797.MacGyver246@example.com
"40 ALLIED DR, DEDHAM, MA 02026",42.22550900561699,-71.17133110109219,Jarrod316.Leannon79@example.com
"1030 PRESIDENT AVE, FALL RIVER, MA 02720",41.7141521,-71.1387145,Dino214.Haag279@example.com
"169 N FRANKLIN ST, HOLBROOK, MA 02343",42.158111749999996,-71.007017125,Lannie207.Effertz744@example.com
"49 THURSTON ST, SOMERVILLE, MA 02145",42.391561260869565,-71.09756508695652,Kelly223.Weber641@example.com
"33 STATE RD, DARTMOUTH, MA 02747",41.637019959400256,-70.9631396164161,Verena947.Torphy630@example.com
"8 LAUREL ST, WHITMAN, MA 02382",42.08073465,-70.93460350882498,Sol312.Beier427@example.com
"316 W MAIN ST, NORTON, MA 02766",41.950625200000005,-71.22641868421053,Kay203.Bode78@example.com
"516 HAWTHORN ST, NORTH DARTMOUTH, MA 02747",,,Temeka297.Christiansen251@example.com
"99 MAIN ST, BUZZARDS BAY, MA 02532",41.7453095,-70.6139616,Gema698.Smitham825@example.com
"250 POND ST, BRAINTREE, MA 02184",42.1973953,-71.01806068617303,Breana975.Stark857@example.com
"126 COMMONWEALTH AVE, DEDHAM, MA 02026",42.265002249999995,-71.17728225498477,Antonio44.Schneider199@example.com
"173 OXFORD ST, LYNN, MA 01901",33.44601518133793,-88.36876675683871,Jena102.Adams676@example.com
"380 R MERRIMACK ST, METHUEN, MA 01844",42.74780545,-71.12960292912607,Ariadna374.Serrano248@example.com
"85 MAIN ST, WATERTOWN, MA 02472",41.60864139403336,-73.11973132230665,Zana914.King743@example.com
"990 PARADISE RD, SWAMPSCOTT, MA 01907",42.48374535000001,-70.90120467000462,Frederick289.O'Hara248@example.com
"2000 WASHINGTON ST, NEWTON LOWER FALLS, MA 02462",42.332635,-71.246113,Dede50.Trantow673@example.com
"722 CENTRE ST, JAMAICA PLAIN, MA 02130",42.3111157,-71.1143622,Joaquin141.Runolfsdottir785@example.com
"1111 ELM ST, WEST SPRINGFIELD, MA 01089",42.118901199999996,-72.62845250000001,Gayle448.Rosenbaum794@example.com
"4 CYPRESS ST, BROOKLINE, MA 02445",42.32999,-71.12607,Eugene421.Stanton715@example.com
"169 N FRANKLIN ST, HOLBROOK, MA 02343",42.158111749999996,-71.007017125,Daren950.Hickle134@example.com
"154 E CENTRAL ST, NATICK, MA 01760",42.288164,-71.332643,Ted955.Goyette777@example.com
"300 MOUNT AUBURN ST, CAMBRIDGE, MA 02138",42.374759814814816,-71.1328291111111,Noble66.Aufderhar910@example.com
"95 WASHINGTON ST, CANTON, MA 02021",42.1400833,-71.1447618,Cecila397.Brekke496@example.com
"271 MAIN ST, EAST DOUGLAS, MA 01516",42.0716561,-71.71386384303018,Justine412.Wehner319@example.com
"55 FOGG RD, SOUTH WEYMOUTH, MA 02190",42.175539799999996,-70.9539153674405,Michael441.Heidenreich818@example.com
"22 PLEASANT ST, WEST BRIDGEWATER, MA 02379",42.01246116666667,-71.04830883333334,Earl438.Keebler762@example.com
"335 MAIN ST, SAUGUS, MA 01906",42.4731923,-71.0359081,Sebastian508.Wiza601@example.com
"201 HIGHLAND ST, CLINTON, MA 01510",42.42738865,-71.69329092351188,Guillermo498.Crona259@example.com
"60 E ST, METHUEN, MA 01844",42.72580557182624,-71.17026234275406,Delmar187.Stroman228@example.com
"16 WINTER ST, SOUTHBOROUGH, MA 01745",42.294734250000005,-71.50734709962309,Lyman173.Pacocha935@example.com
"15 A BOLTON PL, BROCKTON, MA 02301",42.0790367,-71.0180946,Colton403.Grant908@example.com
"35 MAIN ST, SAUGUS, MA 01906",42.464902050000006,-71.01278160000001,Lauren941.Willms744@example.com
"679 PLEASANT ST, PAXTON, MA 01612",42.3106359,-71.9274733,Wallace647.Hahn503@example.com
"131 ORNAC, CONCORD, MA 01742",,,Darline247.Lakin515@example.com
"627 COLLEGE HWY 2, SOUTHWICK, MA 01077",,,Stasia733.Goodwin327@example.com
"5 CROWLEY RD, WESTHAMPTON, MA 01027",42.2730943,-72.7805322004895,Judi176.Deckow585@example.com
"332 GIFFORD ST, FALMOUTH, MA 02540",41.562160399999996,-70.61040336428391,Lashawn862.Reinger292@example.com
"439 S UNION ST, LAWRENCE, MA 01843",42.69092225,-71.15595783570592,Teddy976.Batz141@example.com
"909 SUMNER ST, STOUGHTON, MA 02072",42.1005097,-71.0830269025407,Amber507.Ward668@example.com
"29 HUBBARDSTON RD, PRINCETON, MA 01541",42.4501468,-71.88081685777536,Lidia103.Rohan584@example.com
"738 WASHINGTON ST, ATTLEBORO, MA 02703",41.90789975232776,-71.3642848065293,Terrance440.Hoeger474@example.com
"5 PRECINCT ST, LAKEVILLE, MA 02347",41.84671597411237,-70.95399169948445,Dorothea248.Runolfsdottir785@example.com
"62 BROWN ST, HAVERHILL, MA 01830",42.76476872123787,-71.04698428353402,Eugenio846.Koch169@example.com
"562 WASHINGTON ST, SOUTH ATTLEBORO, MA 02703",41.913501,-71.361437,Hailey792.Walsh511@example.com
"15 W ST, DOUGLAS, MA 01516",42.0698117,-71.72045106588516,Elaine830.O'Connell601@example.com
"317 LIBBEY INDUSTRIAL PKWY B, WEYMOUTH, MA 02189",,,Leonardo412.Pagac496@example.com
"27 WOLCOTT ST, EVERETT, MA 02149",42.4055352,-71.05484455260768,Allen322.Kunze215@example.com
"157 CTR BRIDGE RD, LANCASTER, MA 01523",42.449421,-71.67067510123076,Domingo513.Cole117@example.com
"1440 GAR HWY, SOMERSET, MA 02726",41.7404139,-71.1867957,Yvonne357.Hoeger474@example.com
"1794 BRIDGE ST, DRACUT, MA 01826",42.6844279,-71.31086836066301,Vernita491.Boyer713@example.com
"9 SUMMER ST, FRANKLIN, MA 02038",42.081692450000006,-71.39587271135616,Edwardo860.Green467@example.com
"244 BEDFORD ST, LEXINGTON, MA 02420",42.46216725,-71.24002870581302,Mercedez75.Turner526@example.com
"256 GREAT RD, LITTLETON, MA 01460",42.5438412,-71.4680005,Sabine292.Koelpin146@example.com
"137 TEATICKET HWY, TEATICKET, MA 02536",41.561866949999995,-70.5960930996245,Joaquin141.Schowalter414@example.com
"195 RUSSELL ST, HADLEY, MA 01035",42.343142,-72.57890872730825,Nikole56.Greenfelder433@example.com
"54 MAPLE AVE B, RUTLAND, MA 01543",,,Mellie476.Wiza601@example.com
"341 STATE RD, DARTMOUTH, MA 02747",41.63948045,-70.99067745291262,Valery629.Nolan344@example.com
"40 N MAIN ST, BELLINGHAM, MA 02019",,,Erminia669.Dooley940@example.com
"319 ELLIOTT ST, BEVERLY, MA 01915",42.5555547,-70.89455149906144,Lakeisha206.Ondricka197@example.com
"295 VARNUM AVE, LOWELL, MA 01854",42.647802799999994,-71.342233668805,Margy712.Kirlin939@example.com
"188 WASHINGTON ST, PLAINVILLE, MA 02762",42.02815405,-71.31150138329717,Jesica465.Wolf938@example.com
"1 GENERAL ST, LAWRENCE, MA 01841",42.709108,-71.148056,Chadwick722.Hilpert278@example.com
"607 N AVE, WAKEFIELD, MA 01880",42.5164032,-71.0869184574349,Wendell199.Fisher429@example.com
"60 ADAMS ST, MILTON, MA 02186",42.2724435,-71.0669442,Emile522.Johnson679@example.com
"930 COMMONWEALTH AVE, BOSTON, MA 02215",42.3509379,-71.1171418,Lynne528.Herman763@example.com
"720 HARRISON AVE, BOSTON, MA 02118",42.3376981,-71.07095669118794,Marine542.Windler79@example.com
"15 COLLEGE HWY, SOUTHAMPTON, MA 01073",42.25201145,-72.69796730877016,Jeannine438.Dickinson688@example.com
"9 CENTENNIAL DR, PEABODY, MA 01960",42.5210155,-70.96634268157257,Margy712.Mayer370@example.com
"885 MAIN ST, TEWKSBURY, MA 01876",42.61383275,-71.23916079341217,Karissa612.Funk324@example.com
"219 CENTRE ST, MALDEN, MA 02148",42.42571073913044,-71.07324044927536,Elaine830.Brakus656@example.com
"385 WASHINGTON ST, QUINCY, MA 02169",42.248890599999996,-70.9867122907279,Willa615.Pouros728@example.com
"536 HAWTHORN ST, DARTMOUTH, MA 02747",41.62654504287133,-70.96114774081178,JerÃ³nimo599.Nieto461@example.com
"31 W GROVE ST, MIDDLEBORO, MA 02346",41.887229250000004,-70.91939209989084,Isadora719.Nolan344@example.com
"500 CUMMINGS CTR, BEVERLY, MA 01915",42.56215495,-70.88952455753012,Jeannetta566.Hilll811@example.com
"100 GOULD RD, MONTEREY, MA 01245",42.168837499999995,-73.23701079315963,Miquel905.Abernathy524@example.com
"271 LINCOLN ST, LEXINGTON, MA 02421",42.44043135,-71.25023960232781,Belva820.Hilpert278@example.com
"503 BROADWAY, EVERETT, MA 02149",42.40870565,-71.05365169412059,Lu473.Jacobson885@example.com
"112 MAIN ST, NORTHBOROUGH, MA 01532",42.3211347,-71.6334241,Marylee823.Baumbach677@example.com
"25 MARSTON ST, LAWRENCE, MA 01841",42.70756906002647,-71.14711065544847,Betsy439.Stamm704@example.com
"1223 HANCOCK ST, QUINCY, MA 02169",42.2525183,-71.00473098600918,Javier97.Bins636@example.com
"10 POST OFFICE SQ F, LYNNFIELD, MA 01940",,,Damien170.Pfeffer420@example.com
"20 SCHOOL ST, SOUTH DARTMOUTH, MA 02748",41.586601900000005,-70.94089125766725,Drew592.Prosacco716@example.com
"382 STATE RD, DARTMOUTH, MA 02747",41.642365,-70.9960593,Tod265.Graham902@example.com
"94 S MAIN ST, MIDDLEBORO, MA 02346",41.88808965,-70.91450284132097,Alex454.Paucek755@example.com
"18 UNION ST, WEST SPRINGFIELD, MA 01089",42.104557,-72.6202075,So684.Fritsch593@example.com
"106 NEW STATE HWY, RAYNHAM, MA 02767",41.9052006,-71.06108066459912,Blair400.Borer986@example.com
"100 WASON AVE, SPRINGFIELD, MA 01107",42.12436572762535,-72.61482070246278,Sheilah526.Padberg411@example.com
"1 BOSTON MEDICAL CTR PL, BOSTON, MA 02118",,,Ricardo560.Soliz209@example.com
"179 N MAIN ST, FALL RIVER, MA 02720",41.70439828466639,-71.15489744481101,Carmen818.Volkman526@example.com
"25 SACK BLVD, LEOMINSTER, MA 01453",42.532345500000005,-71.74551688182127,Domitila545.Kshlerin58@example.com
"289 PLEASANT ST, FALL RIVER, MA 02721",41.69983737279222,-71.15260043740908,Brittny484.Turcotte120@example.com
"800 WASHINGTON ST, NORWOOD, MA 02062",42.1886973,-71.2005241,Waylon572.Renner328@example.com
"250 PARADISE RD, SWAMPSCOTT, MA 01907",42.47638005,-70.91253402512964,Gaylord332.Kling921@example.com
"77 MILL ST, WESTFIELD, MA 01085",42.11202525,-72.76549856536798,Argentina169.Auer97@example.com
"2000 WASHINGTON ST, NEWTON, MA 02462",42.332635,-71.246113,Deandra603.Berge125@example.com
"340 THOMPSON RD, WEBSTER, MA 01570",42.0273169,-71.85120736991323,Ed239.Kling921@example.com
"10 -I ROESSLER RD, WOBURN, MA 01801",42.5099513,-71.1426991,Krystina167.Mayer370@example.com
"161 W MAIN ST, DUDLEY, MA 01571",42.0417975,-71.90741241255296,Lennie123.Yundt842@example.com
"3 PINE ST, OXFORD, MA 01540",42.114906149999996,-71.86918491078484,Rickie717.Rath779@example.com
"30 TOZER RD, BEVERLY, MA 01915",42.57286405,-70.88338605701209,Numbers230.Dietrich576@example.com
"990 PARADISE RD, SWAMPSCOTT, MA 01907",42.48374535000001,-70.90120467000462,Eugene421.Goodwin327@example.com
"115 W SILVER ST, WESTFIELD, MA 01086",42.11818,-72.760965,Eun46.Hickle134@example.com
"567 CENTRAL ST, BOYLSTON, MA 01505",42.33855135,-71.69048765414254,Helaine42.Gleason633@example.com
"100 CUMMINGS CTR, BEVERLY, MA 01915",42.559237100000004,-70.88594445364896,Sheri207.Hudson301@example.com
"175 CAREW ST, SPRINGFIELD, MA 01104",42.11365670306065,-72.59657683191878,Gavin481.Turcotte120@example.com
"30 SOUTHWICK ST, FEEDING HILLS, MA 01030",42.06726945,-72.680240390485,Merlyn225.DuBuque211@example.com
"670 COUNTY ST, NEW BEDFORD, MA 02740",41.64274875,-70.93093644991788,Charis952.Bartoletti50@example.com
"98 S MAIN ST, MIDDLEBOROUGH, MA 02346",41.8878028,-70.9148061646072,Lance203.Cole117@example.com
"35 BEDFORD ST, LEXINGTON, MA 02420",42.4526846,-71.2315845,Cedrick207.Wisoky380@example.com
"265 BENTON DR, EAST LONGMEADOW, MA 01028",42.042815649999994,-72.52905961393307,Maple925.Howe413@example.com
"125 PAKER HILL AVE, BOSTON, MA 02120",,,Maximina916.Dickinson688@example.com
"199 REEDSDALE RD, MILTON, MA 02186",42.251368299999996,-71.0768393856917,Laverne101.Connelly992@example.com
"7 ST ANTHONYS LANE, GLOUCESTER, MA 01930",42.59884255,-70.64739154447356,Evie333.Cassin499@example.com
"521 MT AUBURN ST, WATERTOWN, MA 02472",42.370535,-71.162289,Margeret29.Pfeffer420@example.com
"40 HOLLAND ST, SOMERVILLE, MA 02144",42.39743175,-71.12375230946796,Clara183.Raynor401@example.com
"190 LENOX ST, NORWOOD, MA 02062",42.1891562,-71.19837141377246,Jayne73.Schneider199@example.com
"300 BIRNIE AVE, SPRINGFIELD, MA 01107",42.121461706896554,-72.61072739655172,Kirk871.Koelpin146@example.com
"20 WALL ST, BURLINGTON, MA 01803",42.485707557972944,-71.18987190169226,Craig656.Gleichner915@example.com
"431 RIVER ST, WALTHAM, MA 02453",42.37428289240642,-71.23204778524288,Argentina169.Zemlak964@example.com
"103 GARLAND ST, EVERETT, MA 02149",42.409305950000004,-71.03947926561581,Yoshie761.Waelchi213@example.com
"26 JULIO DR, SHREWSBURY, MA 01545",42.292538699999994,-71.7044360977461,Rosa195.Pantoja215@example.com
"230 HIGHLAND AVE, SOMERVILLE, MA 02143",42.38999115,-71.10954879453757,Tuan998.Pfeffer420@example.com
"270 GROVE ST, BRAINTREE, MA 02184",42.190567,-70.9864134,Emilia403.Centeno914@example.com
"1030 PRESIDENT AVE, FALL RIVER, MA 02720",41.7141521,-71.1387145,Ellsworth48.Halvorson124@example.com
"101 MAIN ST, MEDFORD, MA 02155",42.41595795,-71.11124456618239,Minnie888.Hilll811@example.com
"24 W MAIN ST, NORTHBOROUGH, MA 01532",42.3202646,-71.6430182,Migdalia164.Kris249@example.com
"230 WASHINGTON ST, SOUTH ATTLEBORO, MA 02703",41.9148433,-71.3608633,Cassondra930.Cassin499@example.com
"736 CAMBRIDGE ST SMC, BRIGHTON, MA 02135",,,Dewayne363.Bauch723@example.com
"81 HIGHLAND AVE, SALEM, MA 01970",42.5112107,-70.90516241826194,Dana512.Trantow673@example.com
"759 CHESTNUT ST, SPRINGFIELD, MA 01107",42.11903179591837,-72.60406193877552,Gale827.Bogisich202@example.com
"108 RUSSELL ST, HADLEY, MA 01035",42.3423476,-72.5958835612556,RubÃ©n780.Rosas160@example.com
"115 W SILVER ST, WESTFIELD, MA 01085",42.1178811,-72.75935246865802,Florene115.Adams676@example.com
"191 BEDFORD ST, FALL RIVER, MA 02720",41.701235304347826,-71.15193095652174,Clara183.Ballesteros368@example.com
"604 MAIN ST, SHREWSBURY, MA 01545",42.2958797,-71.712711,Noe500.Wolf938@example.com
"1 GENERAL ST, LAWRENCE, MA 01841",42.709108,-71.148056,Chiquita638.Hilpert278@example.com
"234 RUSSELL ST, HADLEY, MA 01035",42.3472959,-72.5729505,Tyrell880.Hyatt152@example.com
"300 BROADWAY, SOMERVILLE, MA 02145",42.39210825,-71.09296951617819,Hans694.Nicolas769@example.com
"65 WALNUT ST, WELLESLEY HILLS, MA 02481",42.3213892,-71.2586343,Homer307.Marquardt819@example.com
"3130 STATE HWY RTE 6, WELLFLEET, MA 02667",,,Ronnie7.Carroll471@example.com
"140 HAVERHILL ST, ANDOVER, MA 01810",42.6743,-71.136398,Octavio643.Reyna401@example.com
"115 W SILVER ST, WESTFIELD, MA 01085",42.1178811,-72.75935246865802,Irvin970.West559@example.com
"301 3RD ST, CAMBRIDGE, MA 02142",41.898832,-93.532592,Babara869.Abshire638@example.com
"45 DIMOCK ST, BOSTON, MA 02119",42.32030665,-71.09721114916246,Kirby843.Prosacco716@example.com
"2100 DORCHESTER AVE, DORCHESTER, MA 02124",42.27710615,-71.06528858045152,Donnie175.Witting912@example.com
"273 TEATICKET HWY, TEATICKET, MA 02536",41.567625750000005,-70.59466315275185,Lorilee250.Jakubowski832@example.com
"700 BOSTON RD, BILLERICA, MA 01821",42.5396847,-71.243645,Sonia106.Hirthe744@example.com
"312 BEDFORD ST, WHITMAN, MA 02382",42.0691406,-70.94900483839763,Hunter736.Eichmann909@example.com
"673 BEDFORD ST, ABINGTON, MA 02351",42.1225967,-70.9488026,Ellis535.Williamson769@example.com
"259 EXCHANGE ST, CHICOPEE, MA 01013",42.14786645943254,-72.6076208631154,Carlena776.Hilll811@example.com
"6 ARCH ST, GREENFIELD, MA 01301",42.59244321223951,-72.6042885238039,Tangela812.Metz686@example.com
"83 ROUTE 130, FORESTDALE, MA 02644",41.686885200000006,-70.50634537636986,Ana972.Quiroz936@example.com
"188 WORCESTER PROV TPKE, SUTTON, MA 01590",,,Yolanda648.Pagan507@example.com
"147 S MAIN ST, MIDDLETON, MA 01949",42.585787222720036,-71.00861442427218,Albert312.Boyle917@example.com
"19 SUMMER ST, BRIDGEWATER, MA 02324",41.989548,-70.97412972727273,Thanh759.Bergstrom287@example.com
"1 BRANCH ST, METHUEN, MA 01844",42.705163,-71.214377,Sol312.Hagenes547@example.com
"360 MERRIMACK ST, LAWRENCE, MA 01843",42.70281693181483,-71.14781408867135,Genia944.Mills423@example.com
"123 WATERHOUSE RD, BOURNE, MA 02532",41.72840155,-70.58506829999999,Tod265.Will178@example.com
"19 HENRY ST, SHARON, MA 02067",42.109147300000004,-71.20768205338297,Jamar151.Hand679@example.com
"105 MAIN ST, MAYNARD, MA 01754",42.4322979,-71.45443535889676,Leticia253.Valencia279@example.com
"10 N MAIN ST, CHARLTON, MA 01507",42.1438811,-71.9699779669329,Wilmer32.Heidenreich818@example.com
"430 PLYMOUTH ST, HALIFAX, MA 02338",41.99168481203654,-70.85537035001818,Bernardo699.Tello902@example.com
"545 A CENTRE ST, JAMAICA PLAIN, MA 02130",42.3169458,-71.11429050384379,Mildred587.MacGyver246@example.com
"50 N ST, MEDFIELD, MA 02052",,,Darrel772.Bogisich202@example.com
"255 E OLD STURBRIDGE RD, BRIMFIELD, MA 01010",42.111989263986246,-72.16207296071431,Lloyd546.Hilll811@example.com
"575 BEECH ST, HOLYOKE, MA 01040",42.20105435,-72.628169560868,Jackelyn13.Von197@example.com
"28 STURDY ST, ATTLEBORO, MA 02703",41.94375,-71.274611,Todd315.Herzog843@example.com
"323 N MAIN ST, UXBRIDGE, MA 01569",42.08925541895962,-71.6421127030417,Tyler508.Carroll471@example.com
"237 WINTHROP ST, REHOBOTH, MA 02769",41.859364,-71.230097125,Wm806.Schroeder447@example.com
"464 HILLSIDE AVE, NEEDHAM, MA 02494",42.29063038983051,-71.23756598305084,Catrina144.Lueilwitz711@example.com
"70 EVERETT AVE, CHELSEA, MA 02150",42.39297875,-71.04056891023514,Carmelina668.Hickle134@example.com
"12 UXBRIDGE RD, MENDON, MA 01756",42.102819749999995,-71.56396680692478,Dennis979.Pouros728@example.com
"4 VIRGINIA LANE, STONEHAM, MA 02180",42.49881345,-71.10621370750661,Lashawna733.Cummings51@example.com
"5 E MAIN ST, MERRIMAC, MA 01860",42.8338988,-71.0023214,Agustina460.Tillman293@example.com
"571 UNION AVE, FRAMINGHAM, MA 01702",42.2952426,-71.42811843435396,Annamaria402.Pfannerstill264@example.com
"1030 PRESIDENT AVE, FALL RIVER, MA 02720",41.7141521,-71.1387145,Freddy176.Cremin516@example.com
"334 COLLEGE ST, AMHERST, MA 01002",42.373017210526314,-72.5029454736842,Contessa946.Nicolas769@example.com
"44 CENTRAL ST, BERLIN, MA 01503",42.38145345,-71.63400213841325,Jessie665.Schoen8@example.com
"63 PARKER HILL AVE, ROXBURY CROSSING, MA 02120",,,Luigi346.Halvorson124@example.com
"94 CENTRE ST, DOVER, MA 02030",42.23524865,-71.2837903599501,Gilbert263.Cole117@example.com
"57 PROSPECT ST, NANTUCKET, MA 02554",41.27514065,-70.10108985970798,Milford485.Kuphal363@example.com
"7 HERRING POND RD, CEDARVILLE, MA 02360",41.81030180753943,-70.55548027803627,Kortney212.Davis923@example.com
"5 INDUSTRIAL DRIVE, MASHPEE, MA 02649",41.605049050000005,-70.49445143646699,Spencer878.McLaughlin530@example.com
"289 PLEASANT STREET, FALL RIVER, MA 02721",41.69983737279222,-71.15260043740908,Eun46.Purdy2@example.com
"1155 PURCHASE STREET, NEW BEDFORD, MA 02740",41.6403242,-70.92742267786448,Woodrow571.Abbott774@example.com
"1230 BRIDGE STREET, LOWELL, MA 01850",42.6654161,-71.30391048038682,Gracia333.Moore224@example.com
"629 PLEASANT STREET, BROCKTON, MA 02301",42.08924065,-71.04555529948576,Valorie864.Ritchie586@example.com
"210 WASHINGTON STREET, FAIRHAVEN, MA 02719",41.641307929477264,-70.88910713838365,Cecil300.Hermann103@example.com
"1589 FALL RIVER AVENUE, SEEKONK, MA 02771",41.785142064137304,-71.31204153401836,Randy380.Wunsch504@example.com
"1399 WASHINGTON STREET, HANOVER, MA 02339",42.1441354,-70.8440854,Tracey100.Botsford977@example.com
"808 MAIN STREET, WALTHAM, MA 02451",42.376175454545454,-71.24358409090908,Kandace783.Reilly981@example.com
"85 PARKHURST ROAD, CHELMSFORD, MA 01824",42.62494125,-71.35993058333334,Charlie254.Hartmann983@example.com
"151 EVERETT AVENUE, CHELSEA, MA 02150",42.39612195,-71.0391904142885,Windy313.Koepp521@example.com
"111 GROSSMAN DRIVE, BRAINTREE, MA 02184",42.21128484738956,-70.99902673895582,Johnathon489.Block661@example.com
"98 SHAKER ROAD, EAST LONGMEADOW, MA 01028",42.060927449999994,-72.51443997380899,Evan94.Durgan499@example.com
"1515 ALLEN STREET, SPRINGFIELD, MA 01118",42.09528618644068,-72.51053177966102,Roni48.Dare640@example.com
"26 QUEEN STREET, WORCESTER, MA 01610",42.25930925,-71.81494729825698,Parker433.Schneider199@example.com
"500 SALEM STREET, WILMINGTON, MA 01887",42.58015075,-71.14411602698752,Lou594.VonRueden376@example.com
"489 BEARSES WAY, HYANNIS, MA 02601",41.66227585,-70.29998543858754,Guillermina633.Monroy712@example.com
"637 WASHINGTON STREET, DORCHESTER, MA 02124",42.289504,-71.07148570588235,Collen405.Cronin387@example.com
"66B CONCORD STREET, WILMINGTON, MA 01887",42.5581293,-71.1384257,Val761.Grant908@example.com
"581 BOYLSTON STREET, BOSTON, MA 02116",42.35054355,-71.07672924660129,Saturnina961.Treutel973@example.com
"58 TREMONT STREET, TAUNTON, MA 02780",41.90489665,-71.10606280241063,Juan Carlos348.Escobedo608@example.com
"19 TACOMA STREET, WORCESTER, MA 01605",42.30503000904616,-71.76799092596168,Malisa137.Nitzsche158@example.com
"1 ESSEX CENTER DRIVE, PEABODY, MA 01960",42.5373357,-70.94713552121586,Normand813.Gleichner915@example.com
"1 TROWBRIDGE ROAD, BUZZARDS BAY, MA 02532",,,Boris111.Anderson154@example.com
"9 HOPE AVENUE, WALTHAM, MA 02453",42.368660399999996,-71.24911642980041,Shanell37.Wuckert783@example.com
"489 BERNARDSTON ROAD, GREENFIELD, MA 01301",42.60875995,-72.58570696463946,Deneen201.Stark857@example.com
"140 CARANDO DRIVE, SPRINGFIELD, MA 01104",42.14541960598315,-72.53415290636904,Celina578.Koelpin146@example.com
"66 SOUTH WASHINGTON STREET, NORTH ATTLEBORO, MA 02760",41.97998225,-71.33300442119634,Mose244.Bosco882@example.com
"444 MONTGOMERY STREET, CHICOPEE, MA 01020",42.1718811,-72.5852259,Tresa661.DuBuque211@example.com
"250 PARADISE ROAD, SWAMPSCOTT, MA 01907",42.47638005,-70.91253402512964,Karena692.Simonis280@example.com
"51 LOCUST STREET, NORTHAMPTON, MA 01060",42.332424,-72.655244,Matha641.Kilback373@example.com
"237 STATE ROAD, NORTH DARTMOUTH, MA 02747",41.63828775,-70.98116594237555,Luther918.Marvin195@example.com
"1 HARBORSIDE DRIVE, EAST BOSTON, MA 02128",42.36317665,-71.01364006269452,Clarice719.Denesik803@example.com
"106 UNITED STATES HIGHWAY 44, RAYNHAM, MA 02767",,,Remona896.Hahn503@example.com
"630 PLANTATION STREET, WORCESTER, MA 01605",42.2921654,-71.7599407,Miguel Ãngel46.Ibarra303@example.com
"309 TEATICKET HIGHWAY, TEATICKET, MA 02536",41.568302200000005,-70.59404025373951,Katheleen349.Veum823@example.com
"170 GOVERNORS AVENUE, MEDFORD, MA 02155",42.4264077,-71.11173851199757,Karoline975.Bailey598@example.com
"67 GRAND ARMY OF THE REPUBLIC HIGHWAY, SOMERSET, MA 02726",41.733364648019474,-71.17585880286309,Delmar187.O'Keefe54@example.com
